{"cameraMode":{"drawMode":0,"name":"Shaded","section":"Shading Mode"},"sceneLighting":true,"audioPlay":false,"sceneViewState":{"showFog":true,"showMaterialUpdate":false,"showSkybox":true,"showFlares":true,"showImageEffects":true,"showParticleSystems":true},"in2DMode":false,"pivot":{"x":265.3669738769531,"y":145.05657958984376,"z":-477.6520690917969},"rotation":{"x":0.00027870561461895704,"y":0.9485062956809998,"z":-0.3167569637298584,"w":0.0008374282624572516},"size":4374.07861328125,"orthographic":false}