{"cameraMode":{"drawMode":0,"name":"Shaded","section":"Shading Mode"},"sceneLighting":true,"audioPlay":false,"sceneViewState":{"showFog":true,"showMaterialUpdate":false,"showSkybox":true,"showFlares":true,"showImageEffects":true,"showParticleSystems":true},"in2DMode":false,"pivot":{"x":47.0,"y":1056.6300048828125,"z":231.3000030517578},"rotation":{"x":-0.1272362917661667,"y":0.6969729661941528,"z":-0.12776952981948853,"w":-0.6940566301345825},"size":23.370407104492189,"orthographic":false}