{"cameraMode":{"drawMode":0,"name":"Shaded","section":"Shading Mode"},"sceneLighting":true,"audioPlay":false,"sceneViewState":{"showFog":true,"showMaterialUpdate":false,"showSkybox":true,"showFlares":true,"showImageEffects":true,"showParticleSystems":true},"in2DMode":false,"pivot":{"x":288.62841796875,"y":966.4736328125,"z":-555.42431640625},"rotation":{"x":0.27264609932899477,"y":-0.6990011930465698,"z":0.33404749631881716,"w":0.5705029964447022},"size":10622.779296875,"orthographic":false}